"","FID","Shape","Class","kategori","frci","Band_1","Band_2","Band_3","Band_4","Band_5","Band_6","Band_7","Band_9","cluster","kelas"
"1",740,"Point",1,"Sangat Rendah",0.090133,0.115325,0.092386,0.085162,0.05821,0.372656,0.226594,0.103754,0.001606,1,1
"2",744,"Point",1,"Sangat Rendah",0.046152,0.113457,0.089246,0.079325,0.049438,0.390353,0.201599,0.088874,0.00126,1,1
"3",828,"Point",1,"Sangat Rendah",0.081425,0.113043,0.090551,0.078368,0.058903,0.303942,0.191048,0.096192,0.001594,1,1
"4",748,"Point",1,"Sangat Rendah",0.001227,0.115267,0.091771,0.079758,0.059821,0.303024,0.219207,0.110653,0.001437,1,1
"5",648,"Point",1,"Sangat Rendah",0.06492,0.113652,0.089947,0.075006,0.051816,0.288929,0.183885,0.086986,0.001613,1,1
"6",739,"Point",1,"Sangat Rendah",0,0.113995,0.090231,0.077047,0.051841,0.352246,0.195241,0.0887,0.00142,1,1
"7",631,"Point",1,"Sangat Rendah",0.097817,0.116756,0.094421,0.081093,0.065487,0.299255,0.252669,0.135005,0.001631,1,1
"8",532,"Point",1,"Sangat Rendah",0.061057,0.116241,0.093238,0.08374,0.05882,0.328662,0.22442,0.106906,0.001421,1,1
"9",558,"Point",1,"Sangat Rendah",0.024268,0.114111,0.091471,0.085782,0.052196,0.426817,0.230712,0.106758,0.001444,1,1
"10",855,"Point",1,"Sangat Rendah",0.098062,0.13156,0.111076,0.094709,0.094209,0.21355,0.204267,0.154525,0.001311,1,1
"11",686,"Point",1,"Sangat Rendah",0,0.124964,0.104814,0.095479,0.100075,0.23762,0.215206,0.135871,0.001697,1,1
"12",650,"Point",1,"Sangat Rendah",0.055068,0.116855,0.094471,0.08374,0.061799,0.320974,0.235489,0.118045,0.001668,1,1
"13",622,"Point",1,"Sangat Rendah",0.047955,0.116627,0.094395,0.078232,0.064869,0.273557,0.192306,0.104978,0.001649,1,1
"14",551,"Point",1,"Sangat Rendah",0.04672,0.115677,0.092121,0.082787,0.054126,0.369855,0.208336,0.093276,0.002024,1,1
"15",725,"Point",1,"Sangat Rendah",0.078299,0.124976,0.105238,0.09643,0.096381,0.248771,0.227004,0.13892,0.002115,1,1
"16",747,"Point",1,"Sangat Rendah",0,0.114869,0.091947,0.079719,0.056808,0.32606,0.210839,0.105775,0.001981,1,1
"17",560,"Point",1,"Sangat Rendah",0.03519,0.122537,0.102571,0.093818,0.099262,0.260127,0.266048,0.189752,0.001629,1,1
"18",546,"Point",1,"Sangat Rendah",0.003939,0.119032,0.09621,0.090321,0.071474,0.364939,0.250433,0.125678,0.001536,1,1
"19",564,"Point",1,"Sangat Rendah",0.077507,0.123302,0.10416,0.09123,0.098962,0.221486,0.276644,0.185646,0.001696,1,1
"20",543,"Point",1,"Sangat Rendah",0.018373,0.118966,0.09732,0.092322,0.07044,0.378014,0.254129,0.128335,0.001413,1,1
"21",743,"Point",1,"Sangat Rendah",0.012047,0.113986,0.090701,0.085854,0.0512,0.419854,0.212652,0.092642,0.001543,1,1
"22",597,"Point",1,"Sangat Rendah",0.023692,0.120313,0.099622,0.092935,0.079727,0.342247,0.287988,0.158276,0.001442,1,1
"23",844,"Point",1,"Sangat Rendah",0.076578,0.115867,0.092959,0.083937,0.066039,0.310678,0.188038,0.100119,0.001574,1,1
"24",750,"Point",1,"Sangat Rendah",0.076914,0.115406,0.093045,0.078195,0.058345,0.280153,0.165092,0.086105,0.0018,1,1
"25",593,"Point",1,"Sangat Rendah",0.054391,0.117052,0.093684,0.084973,0.057999,0.374911,0.234184,0.110096,0.001748,1,1
"26",550,"Point",1,"Sangat Rendah",0.090635,0.115445,0.091816,0.081848,0.054006,0.363066,0.211394,0.095411,0.002164,1,1
"27",555,"Point",1,"Sangat Rendah",0.076599,0.11409,0.090772,0.083408,0.053129,0.381258,0.213355,0.097839,0.002001,1,1
"28",598,"Point",1,"Sangat Rendah",0.000725,0.121385,0.100535,0.093348,0.084056,0.304079,0.295328,0.168134,0.001765,1,1
"29",651,"Point",1,"Sangat Rendah",0.028158,0.115796,0.092457,0.083305,0.059521,0.319919,0.222218,0.108661,0.001537,1,1
"30",574,"Point",1,"Sangat Rendah",0.058912,0.117901,0.096814,0.080211,0.071983,0.243776,0.24112,0.141743,0.001819,1,1
"31",680,"Point",1,"Sangat Rendah",0.008705,0.11929,0.098399,0.086328,0.081159,0.262968,0.281465,0.170427,0.00183,1,1
"32",724,"Point",1,"Sangat Rendah",0.043792,0.126284,0.107875,0.099896,0.104726,0.233381,0.221423,0.141788,0.001557,1,1
"33",691,"Point",1,"Sangat Rendah",0.066978,0.114846,0.091671,0.079407,0.053128,0.36968,0.191737,0.084092,0.001779,1,1
"34",586,"Point",1,"Sangat Rendah",0.095299,0.115933,0.092729,0.086472,0.057432,0.420098,0.229103,0.106495,0.001472,1,1
"35",688,"Point",1,"Sangat Rendah",0.006452,0.125439,0.10482,0.097189,0.103842,0.21819,0.208005,0.133461,0.00197,1,1
"36",773,"Point",1,"Sangat Rendah",0.012558,0.114446,0.091315,0.087298,0.052516,0.430332,0.219127,0.096445,0.001458,1,1
"37",729,"Point",1,"Sangat Rendah",0.054965,0.115191,0.09106,0.077784,0.054856,0.321479,0.194017,0.092748,0.001724,1,1
"38",599,"Point",1,"Sangat Rendah",0.022826,0.120073,0.098922,0.091729,0.081806,0.319148,0.278006,0.154786,0.001803,1,1
"39",591,"Point",1,"Sangat Rendah",0.046882,0.116453,0.093393,0.083462,0.05503,0.378048,0.230155,0.106706,0.001532,1,1
"40",778,"Point",1,"Sangat Rendah",0.007072,0.12095,0.100436,0.087984,0.084811,0.24165,0.270707,0.168314,0.001319,1,1
"41",604,"Point",1,"Sangat Rendah",0.045232,0.11791,0.094471,0.080814,0.061929,0.302765,0.212083,0.110236,0.002124,1,1
"42",779,"Point",1,"Sangat Rendah",0.085661,0.118591,0.09655,0.081499,0.066845,0.29961,0.211566,0.119951,0.001469,1,1
"43",774,"Point",1,"Sangat Rendah",0.024811,0.115809,0.09257,0.086614,0.056982,0.369437,0.216945,0.09927,0.001491,1,1
"44",689,"Point",1,"Sangat Rendah",0.080084,0.1203,0.099099,0.091129,0.085768,0.280352,0.204741,0.116314,0.002006,1,1
"45",770,"Point",1,"Sangat Rendah",0.002853,0.119644,0.098823,0.084607,0.078831,0.244824,0.26117,0.15263,0.001343,1,1
"46",600,"Point",1,"Sangat Rendah",0.039612,0.117873,0.096292,0.089216,0.068374,0.340862,0.254149,0.131654,0.00174,1,1
"47",581,"Point",1,"Sangat Rendah",0.073378,0.115606,0.092038,0.086325,0.056946,0.394128,0.23573,0.109492,0.001808,1,1
"48",775,"Point",1,"Sangat Rendah",0.020635,0.117956,0.095657,0.087913,0.062834,0.343307,0.234404,0.11124,0.001631,1,1
"49",545,"Point",1,"Sangat Rendah",0.056525,0.114145,0.091329,0.080661,0.053389,0.360935,0.209784,0.094486,0.001756,1,1
"50",623,"Point",1,"Sangat Rendah",0.003539,0.120718,0.098917,0.085809,0.079818,0.262337,0.258373,0.155106,0.001598,1,1
"51",580,"Point",1,"Sangat Rendah",0.082212,0.118919,0.097276,0.088402,0.074043,0.330091,0.237095,0.127004,0.00174,1,1
"52",587,"Point",1,"Sangat Rendah",0.008846,0.115298,0.091822,0.084434,0.054612,0.385197,0.215833,0.099036,0.001475,1,1
"53",732,"Point",1,"Sangat Rendah",0.044384,0.113241,0.090307,0.077133,0.051049,0.334037,0.184053,0.082344,0.00171,1,1
"54",683,"Point",1,"Sangat Rendah",0.016372,0.11972,0.098339,0.088013,0.079468,0.268842,0.195579,0.111811,0.001805,1,1
"55",738,"Point",1,"Sangat Rendah",0.054502,0.117291,0.095044,0.086106,0.059643,0.362481,0.23645,0.112019,0.001737,1,1
"56",556,"Point",1,"Sangat Rendah",0.064827,0.114515,0.090948,0.086169,0.052471,0.413455,0.224322,0.100385,0.001474,1,1
"57",589,"Point",1,"Sangat Rendah",0.023499,0.116954,0.094174,0.086974,0.058608,0.360537,0.215495,0.099909,0.001221,1,1
"58",762,"Point",2,"Sangat Rendah",0.110814,0.121885,0.100463,0.086668,0.075677,0.286192,0.204358,0.113794,0.001637,1,2
"59",736,"Point",2,"Sangat Rendah",0.159367,0.110935,0.086072,0.07108,0.043472,0.322008,0.163269,0.071274,0.0016,1,2
"60",538,"Point",2,"Sangat Rendah",0.160278,0.112104,0.087019,0.072172,0.044055,0.329872,0.157856,0.066503,0.001634,1,2
"61",940,"Point",2,"Sangat Rendah",0.118103,0.109805,0.085355,0.072998,0.042591,0.357026,0.159039,0.065433,0.001755,1,2
"62",731,"Point",2,"Sangat Rendah",0.102975,0.116308,0.093585,0.07963,0.059944,0.325498,0.19559,0.092798,0.002,1,2
"63",853,"Point",2,"Sangat Rendah",0.154701,0.115569,0.092247,0.077091,0.061141,0.26742,0.16206,0.095349,0.00182,1,2
"64",605,"Point",2,"Sangat Rendah",0.16218,0.117373,0.094254,0.083918,0.058048,0.35536,0.223579,0.105326,0.002241,1,2
"65",333,"Point",2,"Sangat Rendah",0.167257,0.114763,0.090275,0.074622,0.045617,0.344531,0.169226,0.069046,0.001629,1,2
"66",687,"Point",2,"Sangat Rendah",0.138527,0.12055,0.098777,0.087463,0.082414,0.239291,0.208893,0.124668,0.001513,1,2
"67",745,"Point",2,"Sangat Rendah",0.162126,0.11385,0.08968,0.079541,0.051017,0.368795,0.203863,0.091714,0.001338,1,2
"68",539,"Point",2,"Sangat Rendah",0.183597,0.113742,0.08988,0.077472,0.052407,0.319143,0.178279,0.084711,0.001866,1,2
"69",531,"Point",2,"Sangat Rendah",0.111096,0.114831,0.091824,0.083808,0.054535,0.363345,0.213732,0.098674,0.001733,1,2
"70",816,"Point",2,"Sangat Rendah",0.158134,0.11239,0.089921,0.072439,0.056942,0.253385,0.138889,0.076573,0.001253,1,2
"71",755,"Point",2,"Sangat Rendah",0.116549,0.120618,0.098037,0.08245,0.078731,0.220558,0.214009,0.131027,0.001984,1,2
"72",846,"Point",2,"Sangat Rendah",0.14125,0.12504,0.105362,0.093087,0.081067,0.280763,0.195161,0.121176,0.001733,1,2
"73",336,"Point",2,"Sangat Rendah",0.151048,0.116063,0.091317,0.075191,0.046279,0.33895,0.164991,0.067767,0.001573,1,2
"74",542,"Point",2,"Sangat Rendah",0.143982,0.113568,0.09018,0.079564,0.052478,0.364521,0.206051,0.092676,0.00148,1,2
"75",383,"Point",2,"Sangat Rendah",0.137056,0.120892,0.098502,0.08404,0.063157,0.315247,0.198951,0.094936,0.002026,1,2
"76",735,"Point",2,"Sangat Rendah",0.120825,0.112971,0.089179,0.07548,0.046709,0.337128,0.184306,0.080375,0.001584,1,2
"77",565,"Point",2,"Sangat Rendah",0.113588,0.123231,0.102949,0.091102,0.09522,0.239534,0.270526,0.173969,0.001371,1,2
"78",534,"Point",2,"Sangat Rendah",0.146251,0.114503,0.090295,0.078111,0.05043,0.350775,0.185438,0.083388,0.001773,1,2
"79",733,"Point",2,"Sangat Rendah",0.181708,0.11332,0.089202,0.074437,0.047409,0.335907,0.175739,0.077473,0.001349,1,2
"80",603,"Point",2,"Sangat Rendah",0.105414,0.1165,0.093008,0.076276,0.059466,0.256063,0.206288,0.10532,0.001593,1,2
"81",583,"Point",2,"Sangat Rendah",0.107006,0.115419,0.091798,0.085361,0.055042,0.42365,0.226386,0.102862,0.00193,1,2
"82",727,"Point",2,"Sangat Rendah",0.11853,0.112051,0.088734,0.074967,0.047926,0.324684,0.173481,0.076087,0.001477,1,2
"83",337,"Point",2,"Sangat Rendah",0.170529,0.115809,0.090841,0.075842,0.047139,0.354143,0.170087,0.070813,0.002005,1,2
"84",734,"Point",2,"Sangat Rendah",0.170067,0.112745,0.088052,0.074674,0.050361,0.315246,0.17305,0.078617,0.001435,1,2
"85",541,"Point",2,"Sangat Rendah",0.114021,0.112436,0.088529,0.075807,0.04713,0.348797,0.182642,0.079184,0.001827,1,2
"86",530,"Point",2,"Sangat Rendah",0.184416,0.113034,0.089387,0.076815,0.049476,0.334843,0.182943,0.080655,0.001789,1,2
"87",656,"Point",2,"Sangat Rendah",0.185305,0.114826,0.091317,0.078842,0.055995,0.31499,0.206919,0.099679,0.001774,1,2
"88",643,"Point",2,"Sangat Rendah",0.179442,0.115321,0.091188,0.078501,0.047559,0.406429,0.173502,0.069477,0.001965,1,2
"89",826,"Point",2,"Sangat Rendah",0.104049,0.116687,0.096179,0.082291,0.069857,0.257215,0.17437,0.100636,0.001655,1,2
"90",645,"Point",2,"Sangat Rendah",0.13679,0.115455,0.09085,0.078396,0.048135,0.400931,0.184346,0.074551,0.002046,1,2
"91",340,"Point",2,"Sangat Rendah",0.187739,0.12097,0.096548,0.07947,0.057443,0.324516,0.187079,0.086857,0.002024,1,2
"92",644,"Point",2,"Sangat Rendah",0.182837,0.115217,0.090093,0.07724,0.048071,0.382608,0.178457,0.071752,0.002071,1,2
"93",679,"Point",2,"Sangat Rendah",0.116679,0.119021,0.097509,0.085861,0.079736,0.271018,0.239222,0.140077,0.001648,1,2
"94",737,"Point",2,"Sangat Rendah",0.140827,0.11469,0.090815,0.080091,0.052591,0.34926,0.208359,0.094898,0.001884,1,2
"95",620,"Point",2,"Sangat Rendah",0.14271,0.118261,0.096023,0.0825,0.073277,0.262811,0.265018,0.153899,0.00166,1,2
"96",834,"Point",2,"Sangat Rendah",0.188412,0.111455,0.087614,0.072986,0.051354,0.281857,0.145966,0.069426,0.001218,1,2
"97",585,"Point",2,"Sangat Rendah",0.127665,0.114752,0.091114,0.08251,0.052274,0.417078,0.223135,0.09957,0.001827,1,2
"98",553,"Point",2,"Sangat Rendah",0.112916,0.114773,0.091258,0.083159,0.052597,0.391058,0.216675,0.099176,0.001617,1,2
"99",331,"Point",2,"Sangat Rendah",0.154866,0.115678,0.090779,0.074474,0.045742,0.32964,0.160127,0.065434,0.001469,1,2
"100",831,"Point",2,"Sangat Rendah",0.155451,0.111037,0.086779,0.075158,0.05243,0.307173,0.155518,0.069635,0.001558,1,2
"101",467,"Point",2,"Sangat Rendah",0.140592,0.123449,0.101047,0.085659,0.06729,0.27942,0.203604,0.113324,0.001722,1,2
"102",573,"Point",2,"Sangat Rendah",0.127046,0.12078,0.100913,0.083821,0.086654,0.202089,0.231809,0.159963,0.001707,1,2
"103",690,"Point",2,"Sangat Rendah",0.116106,0.12182,0.10081,0.09302,0.086864,0.277927,0.217438,0.126835,0.001734,1,2
"104",771,"Point",2,"Sangat Rendah",0.130467,0.114261,0.090946,0.081027,0.056009,0.351473,0.21931,0.106325,0.001432,1,2
"105",776,"Point",2,"Sangat Rendah",0.151409,0.115508,0.091992,0.082494,0.057393,0.344703,0.216118,0.099901,0.001688,1,2
"106",554,"Point",2,"Sangat Rendah",0.11921,0.115119,0.091368,0.081692,0.054582,0.336383,0.219772,0.103586,0.001221,1,2
"107",588,"Point",2,"Sangat Rendah",0.100439,0.117445,0.093901,0.082952,0.05926,0.352132,0.225574,0.107891,0.001534,1,2
"108",630,"Point",2,"Sangat Rendah",0.108233,0.120739,0.098625,0.085526,0.080725,0.266216,0.280635,0.163683,0.001909,1,2
"109",609,"Point",2,"Sangat Rendah",0.199958,0.116453,0.093144,0.080384,0.059897,0.344218,0.208691,0.098101,0.001665,1,2
"110",381,"Point",2,"Sangat Rendah",0.189568,0.12008,0.096345,0.077956,0.056796,0.287723,0.169777,0.076627,0.002244,1,2
"111",571,"Point",2,"Sangat Rendah",0.106988,0.116678,0.094159,0.079623,0.065628,0.265932,0.21652,0.120245,0.00175,1,2
"112",338,"Point",2,"Sangat Rendah",0.186805,0.115925,0.090323,0.074317,0.045424,0.348646,0.165612,0.067334,0.001813,1,2
"113",584,"Point",2,"Sangat Rendah",0.132974,0.116318,0.092928,0.085234,0.05838,0.400692,0.23464,0.108698,0.001752,1,2
"114",332,"Point",2,"Sangat Rendah",0.192676,0.114959,0.090766,0.075662,0.046211,0.345022,0.166468,0.06849,0.001623,1,2
"115",582,"Point",3,"Rendah",0.264372,0.114978,0.092265,0.082981,0.057595,0.380818,0.208694,0.096148,0.002154,1,3
"116",527,"Point",3,"Rendah",0.275066,0.115798,0.091444,0.076672,0.047595,0.354414,0.173788,0.071124,0.001616,1,3
"117",646,"Point",3,"Rendah",0.243521,0.113369,0.089402,0.077013,0.046229,0.39122,0.17585,0.071804,0.001808,1,3
"118",832,"Point",3,"Rendah",0.284725,0.110653,0.086689,0.071789,0.048226,0.299424,0.148834,0.068931,0.001621,1,3
"119",552,"Point",3,"Rendah",0.287649,0.114342,0.090983,0.078378,0.050678,0.336362,0.186103,0.082091,0.001603,1,3
"120",647,"Point",3,"Rendah",0.260093,0.113684,0.08809,0.071108,0.044551,0.343641,0.167696,0.071818,0.001615,1,3
"121",628,"Point",3,"Rendah",0.265126,0.112715,0.08809,0.07246,0.046848,0.326083,0.147538,0.066501,0.001905,1,3
"122",921,"Point",3,"Rendah",0.213151,0.110553,0.086373,0.070771,0.044202,0.339227,0.160369,0.06739,0.001517,1,3
"123",619,"Point",3,"Rendah",0.295519,0.114889,0.091953,0.07631,0.061076,0.274715,0.21971,0.116293,0.001705,1,3
"124",692,"Point",3,"Rendah",0.210426,0.114029,0.090229,0.07835,0.050749,0.363192,0.18556,0.082746,0.002308,1,3
"125",924,"Point",3,"Rendah",0.237982,0.109619,0.084744,0.069739,0.041729,0.352051,0.157821,0.064014,0.001343,1,3
"126",135,"Point",3,"Rendah",0.265123,0.111669,0.087071,0.075903,0.043222,0.383697,0.159204,0.0641,0.001667,1,3
"127",699,"Point",3,"Rendah",0.233634,0.1141,0.089967,0.078281,0.046607,0.380751,0.179531,0.070846,0.001805,1,3
"128",639,"Point",3,"Rendah",0.294523,0.115853,0.092283,0.078947,0.058656,0.315906,0.189686,0.09018,0.001902,1,3
"129",300,"Point",3,"Rendah",0.21526,0.120077,0.094809,0.076653,0.050916,0.302447,0.171741,0.077211,0.002621,1,3
"130",842,"Point",3,"Rendah",0.221596,0.114204,0.091742,0.080565,0.061443,0.299308,0.180442,0.094535,0.001632,1,3
"131",285,"Point",3,"Rendah",0.26707,0.11517,0.090198,0.074637,0.044825,0.347433,0.168174,0.06811,0.00174,1,3
"132",570,"Point",3,"Rendah",0.23271,0.116128,0.092527,0.077618,0.057477,0.305015,0.181297,0.091847,0.001862,1,3
"133",682,"Point",3,"Rendah",0.209723,0.115232,0.090789,0.076997,0.059014,0.309274,0.169353,0.084749,0.000939,1,3
"134",795,"Point",3,"Rendah",0.247639,0.109945,0.085764,0.071101,0.046875,0.30976,0.154796,0.069092,0.001774,1,3
"135",700,"Point",3,"Rendah",0.292663,0.113208,0.089178,0.079026,0.047491,0.359492,0.175854,0.076133,0.002241,1,3
"136",851,"Point",3,"Rendah",0.262462,0.110737,0.086726,0.069848,0.046324,0.289331,0.129749,0.05978,0.001554,1,3
"137",701,"Point",3,"Rendah",0.269248,0.114427,0.089891,0.076042,0.046414,0.379434,0.170544,0.068414,0.002157,1,3
"138",610,"Point",3,"Rendah",0.206555,0.116599,0.094043,0.080137,0.059316,0.338231,0.218288,0.106412,0.001901,1,3
"139",753,"Point",3,"Rendah",0.20938,0.120866,0.098588,0.08296,0.07212,0.261268,0.209056,0.122501,0.001766,1,3
"140",342,"Point",3,"Rendah",0.205666,0.119776,0.095156,0.079903,0.058643,0.311399,0.190127,0.089678,0.00181,1,3
"141",703,"Point",3,"Rendah",0.236856,0.114851,0.090146,0.077482,0.046833,0.38437,0.179413,0.072653,0.001866,1,3
"142",465,"Point",3,"Rendah",0.248239,0.12053,0.097219,0.081481,0.05997,0.286265,0.158684,0.086134,0.002117,1,3
"143",790,"Point",3,"Rendah",0.287073,0.110392,0.086131,0.072211,0.046419,0.294022,0.139589,0.061768,0.001301,1,3
"144",792,"Point",3,"Rendah",0.213916,0.108636,0.083919,0.068498,0.045234,0.288159,0.137776,0.059685,0.001796,1,3
"145",99,"Point",3,"Rendah",0.263586,0.114871,0.089932,0.074998,0.045992,0.384335,0.160758,0.063976,0.001718,1,3
"146",695,"Point",3,"Rendah",0.291537,0.114821,0.090613,0.080089,0.048266,0.357316,0.187369,0.075959,0.001932,1,3
"147",537,"Point",3,"Rendah",0.209097,0.114007,0.090241,0.076017,0.050913,0.323303,0.174104,0.078833,0.001618,1,3
"148",533,"Point",3,"Rendah",0.24454,0.115262,0.091514,0.080685,0.053849,0.33416,0.187793,0.086681,0.001684,1,3
"149",676,"Point",3,"Rendah",0.297796,0.112791,0.088273,0.071523,0.043492,0.346908,0.167051,0.070925,0.001779,1,3
"150",215,"Point",3,"Rendah",0.285019,0.113681,0.089792,0.076196,0.049269,0.354858,0.168871,0.073612,0.001409,1,3
"151",925,"Point",3,"Rendah",0.221563,0.108311,0.083424,0.067406,0.039104,0.336986,0.148257,0.059242,0.001488,1,3
"152",664,"Point",3,"Rendah",0.231117,0.114343,0.089569,0.077077,0.046016,0.389985,0.172552,0.069841,0.001837,1,3
"153",476,"Point",3,"Rendah",0.283946,0.117418,0.093668,0.079696,0.053745,0.322159,0.174266,0.078476,0.001644,1,3
"154",339,"Point",3,"Rendah",0.222757,0.117103,0.092346,0.075742,0.049219,0.347664,0.17699,0.074372,0.002039,1,3
"155",629,"Point",3,"Rendah",0.204463,0.117605,0.095932,0.081432,0.070022,0.26223,0.204871,0.118669,0.001746,1,3
"156",763,"Point",3,"Rendah",0.286732,0.118998,0.096761,0.083004,0.066677,0.309931,0.196653,0.103328,0.001693,1,3
"157",627,"Point",3,"Rendah",0.278574,0.116126,0.09281,0.078247,0.059118,0.298339,0.160846,0.080062,0.001332,1,3
"158",757,"Point",3,"Rendah",0.233918,0.11529,0.09084,0.073315,0.055525,0.309912,0.182659,0.098347,0.001781,1,3
"159",642,"Point",3,"Rendah",0.271814,0.114193,0.090191,0.076794,0.045821,0.408381,0.175163,0.069647,0.001856,1,3
"160",726,"Point",3,"Rendah",0.240343,0.120151,0.099206,0.09042,0.085543,0.257927,0.206752,0.122401,0.002319,1,3
"161",281,"Point",3,"Rendah",0.249433,0.115402,0.090254,0.072049,0.043544,0.323193,0.156676,0.063739,0.001833,1,3
"162",849,"Point",3,"Rendah",0.294989,0.110518,0.086543,0.071023,0.049302,0.268975,0.135757,0.063118,0.001231,1,3
"163",752,"Point",3,"Rendah",0.218067,0.118139,0.096553,0.083233,0.069095,0.297404,0.198359,0.110406,0.001937,1,3
"164",829,"Point",3,"Rendah",0.218854,0.11067,0.087047,0.072895,0.050389,0.3045,0.161899,0.077011,0.001736,1,3
"165",702,"Point",3,"Rendah",0.203141,0.114633,0.090025,0.07676,0.047391,0.358336,0.172225,0.070868,0.001773,1,3
"166",659,"Point",3,"Rendah",0.298987,0.111516,0.086418,0.067188,0.042016,0.301859,0.138861,0.057641,0.001999,1,3
"167",654,"Point",3,"Rendah",0.286356,0.114096,0.0906,0.076657,0.052657,0.299783,0.185843,0.085999,0.001963,1,3
"168",805,"Point",3,"Rendah",0.294199,0.10736,0.082777,0.064662,0.040097,0.276112,0.120146,0.048113,0.00156,1,3
"169",939,"Point",3,"Rendah",0.259097,0.108842,0.084424,0.071054,0.040694,0.352953,0.155547,0.061559,0.001496,1,3
"170",217,"Point",3,"Rendah",0.290474,0.113571,0.08933,0.076867,0.046057,0.352804,0.162515,0.066959,0.001835,1,3
"171",677,"Point",3,"Rendah",0.295429,0.113004,0.088151,0.07324,0.043883,0.34434,0.164284,0.06743,0.002072,1,3
"172",675,"Point",4,"Rendah",0.316388,0.113994,0.08859,0.073322,0.04443,0.336174,0.154062,0.060607,0.001886,1,4
"173",288,"Point",4,"Rendah",0.36308,0.116121,0.090527,0.07376,0.04449,0.327035,0.158778,0.06473,0.001907,1,4
"174",1026,"Point",4,"Rendah",0.342652,0.106741,0.082407,0.066952,0.039763,0.314413,0.135408,0.055109,0.001621,1,4
"175",606,"Point",4,"Rendah",0.334504,0.115764,0.091159,0.077199,0.050987,0.350159,0.192878,0.088535,0.001852,1,4
"176",663,"Point",4,"Rendah",0.303457,0.112767,0.088316,0.074205,0.045033,0.374545,0.163247,0.06522,0.001632,1,4
"177",294,"Point",4,"Rendah",0.336259,0.116156,0.09107,0.077367,0.046255,0.360155,0.178789,0.074786,0.002116,1,4
"178",1033,"Point",4,"Rendah",0.336237,0.108193,0.084348,0.070828,0.045155,0.312694,0.141817,0.059781,0.001928,1,4
"179",661,"Point",4,"Rendah",0.392888,0.112543,0.087992,0.07308,0.043705,0.371092,0.165336,0.066532,0.001526,1,4
"180",719,"Point",4,"Rendah",0.385144,0.114462,0.089739,0.079087,0.04718,0.360997,0.168385,0.071208,0.001842,1,4
"181",291,"Point",4,"Rendah",0.369243,0.116271,0.091304,0.079196,0.046149,0.349914,0.168731,0.069704,0.001778,1,4
"182",549,"Point",4,"Rendah",0.337307,0.114758,0.090647,0.079337,0.053554,0.37911,0.194177,0.088294,0.001849,1,4
"183",923,"Point",4,"Rendah",0.340299,0.110808,0.086733,0.074049,0.045889,0.351461,0.163194,0.069173,0.001576,1,4
"184",693,"Point",4,"Rendah",0.352931,0.113222,0.088713,0.073821,0.045323,0.35165,0.159576,0.066626,0.002237,1,4
"185",1040,"Point",4,"Rendah",0.316672,0.107635,0.083321,0.066572,0.041201,0.311283,0.119168,0.046211,0.001713,1,4
"186",4,"Point",4,"Rendah",0.391074,0.112893,0.088817,0.075035,0.045138,0.365404,0.15769,0.064479,0.001367,1,4
"187",641,"Point",4,"Rendah",0.338944,0.113869,0.088892,0.074204,0.047902,0.363178,0.167323,0.069233,0.001848,1,4
"188",825,"Point",4,"Rendah",0.325956,0.109425,0.085374,0.071471,0.047132,0.277913,0.123502,0.054993,0.001968,1,4
"189",991,"Point",4,"Rendah",0.334844,0.107678,0.082963,0.067222,0.041737,0.28469,0.130949,0.054918,0.001519,1,4
"190",566,"Point",4,"Rendah",0.337727,0.114678,0.091285,0.075062,0.055723,0.325107,0.161112,0.076508,0.001628,1,4
"191",1009,"Point",4,"Rendah",0.361103,0.108977,0.085028,0.069595,0.047802,0.2668,0.130099,0.058057,0.001671,1,4
"192",989,"Point",4,"Rendah",0.326031,0.106619,0.082031,0.065104,0.039248,0.288333,0.121598,0.048049,0.00156,1,4
"193",848,"Point",4,"Rendah",0.308222,0.113973,0.090936,0.075677,0.053845,0.289437,0.16004,0.080421,0.00157,1,4
"194",672,"Point",4,"Rendah",0.356029,0.114002,0.090314,0.079037,0.049875,0.329466,0.177885,0.07568,0.001862,1,4
"195",59,"Point",4,"Rendah",0.305574,0.110958,0.086303,0.072506,0.042378,0.372569,0.155609,0.060368,0.00185,1,4
"196",607,"Point",4,"Rendah",0.37278,0.117152,0.094313,0.082693,0.060904,0.340914,0.208914,0.100739,0.001618,1,4
"197",246,"Point",4,"Rendah",0.314548,0.113485,0.088936,0.076386,0.046037,0.409802,0.180571,0.071178,0.00198,1,4
"198",674,"Point",4,"Rendah",0.315216,0.114424,0.089593,0.076084,0.046702,0.331937,0.168045,0.069993,0.001962,1,4
"199",62,"Point",4,"Rendah",0.301209,0.112263,0.088225,0.074986,0.044394,0.387433,0.169764,0.068547,0.001497,1,4
"200",760,"Point",4,"Rendah",0.309216,0.11823,0.095419,0.080738,0.063107,0.318422,0.204083,0.111958,0.001794,1,4
"201",284,"Point",4,"Rendah",0.399584,0.11386,0.089883,0.074543,0.044393,0.34651,0.168248,0.069023,0.001654,1,4
"202",475,"Point",4,"Rendah",0.399322,0.116555,0.092266,0.075258,0.050135,0.325705,0.16323,0.074192,0.001571,1,4
"203",343,"Point",4,"Rendah",0.311599,0.118118,0.093414,0.076274,0.048304,0.338579,0.171179,0.072041,0.002466,1,4
"204",32,"Point",4,"Rendah",0.378299,0.11204,0.086862,0.067531,0.042461,0.275781,0.117582,0.049117,0.001308,1,4
"205",568,"Point",4,"Rendah",0.377384,0.116464,0.092334,0.074827,0.057253,0.291953,0.147307,0.068974,0.001732,1,4
"206",540,"Point",4,"Rendah",0.343955,0.11217,0.087966,0.074393,0.047074,0.33394,0.171158,0.074366,0.001393,1,4
"207",791,"Point",4,"Rendah",0.375951,0.110026,0.085734,0.070974,0.045244,0.301374,0.143808,0.062658,0.001259,1,4
"208",896,"Point",4,"Rendah",0.364259,0.110501,0.085733,0.072142,0.043805,0.344882,0.162643,0.067734,0.001637,1,4
"209",344,"Point",4,"Rendah",0.358056,0.118575,0.093609,0.075557,0.049831,0.323867,0.168675,0.072686,0.001896,1,4
"210",704,"Point",4,"Rendah",0.358558,0.11283,0.088039,0.072804,0.043371,0.360698,0.158967,0.063453,0.001912,1,4
"211",611,"Point",4,"Rendah",0.309982,0.115264,0.090596,0.075761,0.050887,0.351353,0.181837,0.080033,0.001911,1,4
"212",569,"Point",4,"Rendah",0.318047,0.11526,0.090596,0.074852,0.052852,0.299398,0.149724,0.071587,0.0018,1,4
"213",698,"Point",4,"Rendah",0.374105,0.114761,0.09023,0.078526,0.047022,0.373354,0.17097,0.069746,0.002341,1,4
"214",225,"Point",4,"Rendah",0.341637,0.112692,0.088526,0.077422,0.047032,0.371899,0.182111,0.074589,0.001738,1,4
"215",667,"Point",4,"Rendah",0.319607,0.114467,0.090042,0.076816,0.046875,0.40198,0.170808,0.067558,0.001642,1,4
"216",612,"Point",4,"Rendah",0.391502,0.115876,0.092602,0.077304,0.055031,0.351719,0.186219,0.082701,0.001862,1,4
"217",1010,"Point",4,"Rendah",0.394429,0.1084,0.084102,0.069822,0.042959,0.290461,0.127342,0.054143,0.001821,1,4
"218",492,"Point",4,"Rendah",0.354522,0.115229,0.090561,0.075767,0.046149,0.343314,0.167247,0.069509,0.00173,1,4
"219",665,"Point",4,"Rendah",0.366152,0.113867,0.089469,0.07638,0.046467,0.382234,0.170115,0.067807,0.001828,1,4
"220",608,"Point",4,"Rendah",0.324712,0.116271,0.093082,0.079687,0.056316,0.329105,0.213474,0.102821,0.002063,1,4
"221",301,"Point",4,"Rendah",0.324147,0.119009,0.093473,0.077662,0.047679,0.35522,0.166801,0.068506,0.002674,1,4
"222",926,"Point",4,"Rendah",0.31317,0.106642,0.082148,0.063693,0.037319,0.303502,0.133463,0.053982,0.001517,1,4
"223",86,"Point",4,"Rendah",0.350235,0.113487,0.08778,0.066255,0.041917,0.272656,0.110392,0.04389,0.001973,1,4
"224",942,"Point",4,"Rendah",0.374465,0.111189,0.086778,0.075223,0.046757,0.34267,0.168067,0.072941,0.001338,1,4
"225",1031,"Point",4,"Rendah",0.334015,0.106829,0.082243,0.068311,0.041754,0.30292,0.135086,0.055616,0.001204,1,4
"226",919,"Point",4,"Rendah",0.314031,0.11142,0.086903,0.073226,0.047571,0.324694,0.169996,0.075404,0.001614,1,4
"227",720,"Point",4,"Rendah",0.385729,0.114304,0.089636,0.074187,0.046456,0.348472,0.170716,0.070123,0.001851,1,4
"228",657,"Point",4,"Rendah",0.326272,0.113859,0.090182,0.075023,0.051802,0.304292,0.182354,0.083717,0.001645,1,4
"229",824,"Point",5,"Sedang",0.465784,0.108461,0.08353,0.066701,0.042645,0.253161,0.113019,0.048011,0.001497,1,5
"230",918,"Point",5,"Sedang",0.405599,0.109766,0.084644,0.071654,0.043133,0.354078,0.15987,0.065747,0.002039,1,5
"231",1017,"Point",5,"Sedang",0.494078,0.108388,0.083816,0.067307,0.041465,0.312178,0.128261,0.050876,0.001906,1,5
"232",132,"Point",5,"Sedang",0.463492,0.112657,0.087596,0.072653,0.043177,0.386188,0.166018,0.065408,0.001706,1,5
"233",341,"Point",5,"Sedang",0.444489,0.117708,0.092417,0.076229,0.050435,0.335588,0.171074,0.07452,0.002184,1,5
"234",894,"Point",5,"Sedang",0.414079,0.109505,0.084929,0.069241,0.041678,0.341549,0.163454,0.067034,0.001498,1,5
"235",3,"Point",5,"Sedang",0.448228,0.115204,0.090208,0.076188,0.046704,0.371898,0.158204,0.064807,0.002217,1,5
"236",793,"Point",5,"Sedang",0.404537,0.108017,0.083414,0.066822,0.040553,0.317401,0.140029,0.057353,0.001704,1,5
"237",822,"Point",5,"Sedang",0.485152,0.108399,0.083985,0.068868,0.041037,0.310295,0.121525,0.045871,0.001624,1,5
"238",640,"Point",5,"Sedang",0.420246,0.114793,0.090208,0.075281,0.051438,0.35548,0.176481,0.076337,0.001746,1,5
"239",635,"Point",5,"Sedang",0.438284,0.110802,0.085724,0.065679,0.040052,0.331617,0.161079,0.065359,0.001386,1,5
"240",1025,"Point",5,"Sedang",0.480272,0.110538,0.086261,0.070844,0.047861,0.290228,0.140605,0.063251,0.001682,1,5
"241",983,"Point",5,"Sedang",0.440119,0.109028,0.085372,0.071062,0.044954,0.298754,0.121659,0.048834,0.001453,1,5
"242",634,"Point",5,"Sedang",0.494104,0.112242,0.088116,0.071171,0.043446,0.345293,0.147372,0.065743,0.001758,1,5
"243",216,"Point",5,"Sedang",0.431004,0.1136,0.089136,0.074562,0.047271,0.360277,0.154267,0.06265,0.001623,1,5
"244",292,"Point",5,"Sedang",0.445759,0.116517,0.091506,0.079513,0.046708,0.352805,0.169422,0.069324,0.002078,1,5
"245",45,"Point",5,"Sedang",0.48102,0.108406,0.082846,0.06545,0.037776,0.286842,0.117996,0.04697,0.001461,1,5
"246",943,"Point",5,"Sedang",0.417293,0.109366,0.084972,0.071248,0.043041,0.334073,0.157373,0.066105,0.001416,1,5
"247",1019,"Point",5,"Sedang",0.422068,0.109142,0.084241,0.067636,0.040899,0.319966,0.122364,0.046665,0.001377,1,5
"248",872,"Point",5,"Sedang",0.408017,0.113429,0.090288,0.078767,0.056283,0.297922,0.162946,0.079587,0.001788,1,5
"249",920,"Point",5,"Sedang",0.440479,0.110881,0.086492,0.072781,0.045391,0.336497,0.16607,0.070368,0.002018,1,5
"250",807,"Point",5,"Sedang",0.407075,0.106832,0.082059,0.06319,0.039947,0.253632,0.106245,0.04325,0.001159,1,5
"251",57,"Point",5,"Sedang",0.498763,0.111969,0.087132,0.074645,0.044269,0.373963,0.157176,0.061772,0.001757,1,5
"252",817,"Point",5,"Sedang",0.400613,0.111899,0.088579,0.076115,0.052528,0.31767,0.151278,0.076086,0.001736,1,5
"253",1016,"Point",5,"Sedang",0.471627,0.108086,0.083452,0.067285,0.041278,0.307263,0.130502,0.052217,0.001462,1,5
"254",705,"Point",5,"Sedang",0.436136,0.114351,0.090293,0.078964,0.048342,0.385407,0.181197,0.074322,0.001934,1,5
"255",329,"Point",5,"Sedang",0.481698,0.116867,0.091594,0.077626,0.047022,0.359718,0.183525,0.075454,0.001915,1,5
"256",780,"Point",5,"Sedang",0.468376,0.114427,0.089857,0.073378,0.04827,0.357039,0.162912,0.070177,0.001711,1,5
"257",400,"Point",5,"Sedang",0.468471,0.117972,0.094441,0.077189,0.053808,0.29683,0.176534,0.085162,0.002029,1,5
"258",706,"Point",5,"Sedang",0.483023,0.112155,0.087301,0.072867,0.044145,0.360885,0.161556,0.064795,0.001511,1,5
"259",897,"Point",5,"Sedang",0.403291,0.111246,0.086379,0.07307,0.044402,0.35191,0.16044,0.063827,0.001714,1,5
"260",61,"Point",5,"Sedang",0.495781,0.111014,0.087079,0.074741,0.043171,0.403233,0.168726,0.066812,0.001629,1,5
"261",804,"Point",5,"Sedang",0.47038,0.107493,0.082844,0.065296,0.040369,0.294813,0.120298,0.047452,0.001411,1,5
"262",637,"Point",5,"Sedang",0.447606,0.112954,0.08782,0.070597,0.04636,0.334616,0.15689,0.065166,0.001597,1,5
"263",325,"Point",5,"Sedang",0.465722,0.119058,0.093816,0.075368,0.050288,0.313254,0.166899,0.072697,0.002552,1,5
"264",985,"Point",5,"Sedang",0.443723,0.110077,0.085759,0.070925,0.045034,0.295151,0.120438,0.049012,0.00146,1,5
"265",289,"Point",5,"Sedang",0.494464,0.11554,0.08969,0.071344,0.043531,0.302144,0.151331,0.06126,0.001818,1,5
"266",922,"Point",5,"Sedang",0.430578,0.112722,0.088597,0.075445,0.053892,0.313744,0.173005,0.079827,0.001511,1,5
"267",977,"Point",5,"Sedang",0.471135,0.109185,0.08488,0.069867,0.044514,0.279856,0.115376,0.046715,0.001672,1,5
"268",1027,"Point",5,"Sedang",0.460643,0.107503,0.083001,0.068035,0.041081,0.335697,0.150963,0.062695,0.001477,1,5
"269",789,"Point",5,"Sedang",0.470583,0.109413,0.084981,0.069643,0.046246,0.26984,0.117975,0.050694,0.001439,1,5
"270",147,"Point",5,"Sedang",0.454119,0.113789,0.088533,0.073777,0.044358,0.341062,0.14622,0.059462,0.00137,1,5
"271",895,"Point",5,"Sedang",0.452045,0.109978,0.085411,0.070376,0.043071,0.324678,0.15536,0.064788,0.00133,1,5
"272",633,"Point",5,"Sedang",0.405038,0.113404,0.089502,0.074337,0.050838,0.34342,0.188683,0.087657,0.001765,1,5
"273",2,"Point",5,"Sedang",0.4871,0.116483,0.091393,0.079108,0.047075,0.395283,0.154006,0.061716,0.002213,1,5
"274",171,"Point",5,"Sedang",0.460687,0.112733,0.088075,0.071644,0.042875,0.331134,0.139184,0.055344,0.001706,1,5
"275",794,"Point",5,"Sedang",0.405831,0.108449,0.083841,0.067678,0.041084,0.319438,0.142873,0.057138,0.001262,1,5
"276",299,"Point",5,"Sedang",0.472467,0.118163,0.09359,0.078202,0.050505,0.304837,0.16176,0.070374,0.002262,1,5
"277",819,"Point",5,"Sedang",0.461865,0.10947,0.085129,0.070765,0.04291,0.321132,0.131438,0.052221,0.001556,1,5
"278",1029,"Point",5,"Sedang",0.403124,0.107869,0.084125,0.069379,0.043253,0.324649,0.161656,0.068813,0.001373,1,5
"279",821,"Point",5,"Sedang",0.414414,0.109136,0.085413,0.071716,0.043298,0.326078,0.126693,0.048638,0.001575,1,5
"280",496,"Point",5,"Sedang",0.490366,0.115451,0.090298,0.072943,0.045482,0.348837,0.153415,0.060608,0.001551,1,5
"281",494,"Point",5,"Sedang",0.424156,0.11496,0.090068,0.072933,0.045213,0.327497,0.154297,0.062372,0.001831,1,5
"282",345,"Point",5,"Sedang",0.496654,0.118037,0.092691,0.07524,0.047325,0.334507,0.157566,0.064897,0.002484,1,5
"283",671,"Point",5,"Sedang",0.427568,0.115785,0.091889,0.07669,0.0505,0.331237,0.179875,0.076878,0.001931,1,5
"284",884,"Point",5,"Sedang",0.491818,0.110561,0.086474,0.070888,0.044677,0.319906,0.14486,0.059848,0.001733,1,5
"285",172,"Point",5,"Sedang",0.402338,0.112967,0.088596,0.073125,0.044023,0.342339,0.149704,0.06028,0.001784,1,5
"286",1041,"Point",6,"Sedang",0.526303,0.105377,0.081028,0.062407,0.038019,0.277655,0.112974,0.044805,0.001574,1,6
"287",1015,"Point",6,"Sedang",0.576232,0.108198,0.082881,0.067662,0.040419,0.325615,0.1373,0.05544,0.001509,1,6
"288",867,"Point",6,"Sedang",0.560473,0.112784,0.088428,0.07368,0.050618,0.291949,0.119598,0.052575,0.001657,1,6
"289",448,"Point",6,"Sedang",0.514902,0.119163,0.095278,0.08115,0.056161,0.350395,0.188392,0.091487,0.002086,1,6
"290",346,"Point",6,"Sedang",0.500626,0.118577,0.093557,0.074335,0.047297,0.333968,0.152164,0.062894,0.002143,1,6
"291",917,"Point",6,"Sedang",0.546474,0.107989,0.083925,0.068723,0.041381,0.328523,0.154824,0.06264,0.001204,1,6
"292",131,"Point",6,"Sedang",0.558723,0.111761,0.086594,0.070377,0.041147,0.368707,0.15928,0.062394,0.001424,1,6
"293",1008,"Point",6,"Sedang",0.576678,0.109019,0.084829,0.069259,0.048826,0.265874,0.126956,0.057372,0.001669,1,6
"294",247,"Point",6,"Sedang",0.587633,0.113264,0.087899,0.073377,0.044802,0.391198,0.173469,0.069085,0.001827,1,6
"295",869,"Point",6,"Sedang",0.538712,0.110604,0.085653,0.070593,0.043936,0.307416,0.126397,0.050286,0.001708,1,6
"296",893,"Point",6,"Sedang",0.541312,0.107532,0.082684,0.064765,0.04068,0.299585,0.133164,0.053873,0.001536,1,6
"297",1023,"Point",6,"Sedang",0.535736,0.110451,0.086107,0.069798,0.047397,0.262036,0.116832,0.052457,0.001672,1,6
"298",978,"Point",6,"Sedang",0.525417,0.108774,0.084187,0.069864,0.042721,0.298395,0.126759,0.051321,0.001617,1,6
"299",390,"Point",6,"Sedang",0.572063,0.115317,0.090961,0.072277,0.047888,0.288823,0.165589,0.076399,0.001361,1,6
"300",516,"Point",6,"Sedang",0.544565,0.120746,0.096896,0.083214,0.067479,0.311571,0.163282,0.080101,0.002443,1,6
"301",875,"Point",6,"Sedang",0.597508,0.110169,0.086636,0.071421,0.046773,0.302245,0.133106,0.060591,0.001239,1,6
"302",892,"Point",6,"Sedang",0.526769,0.107758,0.083186,0.066295,0.041747,0.315789,0.149026,0.061084,0.001935,1,6
"303",787,"Point",6,"Sedang",0.561534,0.10794,0.083529,0.067404,0.041561,0.307722,0.129126,0.052311,0.001489,1,6
"304",321,"Point",6,"Sedang",0.561148,0.116096,0.091252,0.072702,0.047022,0.317882,0.165048,0.071662,0.002385,1,6
"305",134,"Point",6,"Sedang",0.544296,0.111321,0.086438,0.0693,0.040584,0.379884,0.152563,0.05979,0.001411,1,6
"306",818,"Point",6,"Sedang",0.594546,0.110234,0.085944,0.073252,0.046313,0.323222,0.143344,0.060554,0.001491,1,6
"307",840,"Point",6,"Sedang",0.504346,0.115306,0.093066,0.085237,0.062097,0.334891,0.200298,0.099713,0.001142,1,6
"308",290,"Point",6,"Sedang",0.586915,0.116029,0.090193,0.072272,0.04352,0.304856,0.155391,0.063156,0.001925,1,6
"309",871,"Point",6,"Sedang",0.507799,0.109819,0.085438,0.07092,0.044247,0.312157,0.150297,0.063373,0.001843,1,6
"310",477,"Point",6,"Sedang",0.53188,0.115193,0.090186,0.076009,0.050473,0.312927,0.150581,0.066006,0.001964,1,6
"311",613,"Point",6,"Sedang",0.558254,0.11429,0.088898,0.072601,0.047732,0.362858,0.1649,0.070905,0.001734,1,6
"312",874,"Point",6,"Sedang",0.509923,0.109265,0.084848,0.070763,0.043959,0.317259,0.155622,0.065846,0.001257,1,6
"313",624,"Point",6,"Sedang",0.576387,0.112953,0.088002,0.07191,0.047112,0.330278,0.145096,0.060243,0.001801,1,6
"314",40,"Point",6,"Sedang",0.580711,0.114463,0.089363,0.074472,0.045315,0.35858,0.164273,0.066059,0.001882,1,6
"315",806,"Point",6,"Sedang",0.556878,0.106939,0.082165,0.064599,0.039952,0.285579,0.111198,0.04332,0.001156,1,6
"316",992,"Point",6,"Sedang",0.595133,0.10671,0.081735,0.065406,0.039066,0.281419,0.112797,0.043756,0.001605,1,6
"317",973,"Point",6,"Sedang",0.500923,0.107684,0.083018,0.067207,0.041214,0.274802,0.118453,0.049765,0.001513,1,6
"318",625,"Point",6,"Sedang",0.566431,0.112343,0.087845,0.070965,0.044344,0.329408,0.132978,0.053956,0.001505,1,6
"319",94,"Point",6,"Sedang",0.571429,0.112781,0.088297,0.070814,0.045588,0.302715,0.127561,0.05188,0.001659,1,6
"320",990,"Point",6,"Sedang",0.57402,0.107765,0.082851,0.067291,0.04068,0.303581,0.138939,0.055639,0.001328,1,6
"321",76,"Point",6,"Sedang",0.573004,0.114487,0.08952,0.074554,0.044898,0.353589,0.147924,0.059288,0.001857,1,6
"322",219,"Point",6,"Sedang",0.583102,0.115134,0.090474,0.075587,0.045833,0.365208,0.156086,0.062045,0.001829,1,6
"323",517,"Point",6,"Sedang",0.583682,0.125718,0.100148,0.080235,0.064215,0.299351,0.171851,0.082323,0.002366,1,6
"324",214,"Point",6,"Sedang",0.560002,0.113172,0.087689,0.073556,0.044705,0.353304,0.149458,0.05988,0.001338,1,6
"325",525,"Point",6,"Sedang",0.587963,0.117004,0.09256,0.07199,0.048496,0.347487,0.172081,0.070187,0.001967,1,6
"326",947,"Point",6,"Sedang",0.589065,0.108634,0.084077,0.067777,0.04195,0.294314,0.11655,0.045744,0.001596,1,6
"327",809,"Point",6,"Sedang",0.581403,0.10798,0.083222,0.064689,0.040367,0.274757,0.113569,0.045086,0.001369,1,6
"328",302,"Point",6,"Sedang",0.594012,0.118015,0.093206,0.075461,0.04734,0.33962,0.164572,0.067713,0.002543,1,6
"329",394,"Point",6,"Sedang",0.570168,0.117287,0.093584,0.073928,0.053793,0.257031,0.170598,0.086691,0.002035,1,6
"330",63,"Point",6,"Sedang",0.570559,0.110376,0.085493,0.068493,0.04014,0.325568,0.136187,0.054079,0.001717,1,6
"331",178,"Point",6,"Sedang",0.573658,0.111312,0.086141,0.068696,0.04094,0.322514,0.133488,0.051686,0.00136,1,6
"332",218,"Point",6,"Sedang",0.560475,0.114102,0.089001,0.071569,0.044126,0.341561,0.140333,0.054726,0.001589,1,6
"333",717,"Point",6,"Sedang",0.583027,0.114422,0.089959,0.076421,0.047304,0.366938,0.172474,0.07232,0.002328,1,6
"334",58,"Point",6,"Sedang",0.552261,0.112379,0.087004,0.073293,0.04388,0.369278,0.154556,0.060809,0.001511,1,6
"335",994,"Point",6,"Sedang",0.591687,0.106751,0.081724,0.064436,0.038118,0.255971,0.105103,0.041423,0.001322,1,6
"336",937,"Point",6,"Sedang",0.599817,0.108101,0.082949,0.065034,0.037836,0.314639,0.134741,0.053864,0.001849,1,6
"337",614,"Point",6,"Sedang",0.569309,0.114389,0.090229,0.074588,0.051569,0.336476,0.177677,0.081446,0.001877,1,6
"338",976,"Point",6,"Sedang",0.572025,0.109731,0.085357,0.071246,0.045227,0.313498,0.154042,0.066449,0.001298,1,6
"339",823,"Point",6,"Sedang",0.50754,0.109289,0.085238,0.070688,0.044662,0.30299,0.127921,0.053396,0.001656,1,6
"340",1039,"Point",6,"Sedang",0.566416,0.10808,0.083532,0.067243,0.041596,0.305826,0.120758,0.047921,0.001789,1,6
"341",1001,"Point",6,"Sedang",0.554099,0.107985,0.083399,0.06889,0.043228,0.276603,0.116441,0.049764,0.001688,1,6
"342",287,"Point",6,"Sedang",0.558368,0.116033,0.090624,0.07466,0.044695,0.338571,0.165025,0.066874,0.002296,1,6
"343",784,"Point",7,"Tinggi",0.688625,0.10718,0.082618,0.066067,0.04001,0.292203,0.119174,0.046021,0.00139,1,7
"344",950,"Point",7,"Tinggi",0.664484,0.107206,0.082676,0.063826,0.038791,0.296668,0.113217,0.043881,0.001542,1,7
"345",1037,"Point",7,"Tinggi",0.621118,0.109678,0.085612,0.070219,0.047119,0.308465,0.142566,0.062428,0.000948,1,7
"346",859,"Point",7,"Tinggi",0.639538,0.116284,0.094035,0.080305,0.064071,0.267556,0.153342,0.09619,0.001583,1,7
"347",785,"Point",7,"Tinggi",0.667863,0.106618,0.082083,0.065617,0.039351,0.315809,0.117449,0.044424,0.001215,1,7
"348",326,"Point",7,"Tinggi",0.622085,0.119034,0.093806,0.077441,0.052517,0.314172,0.168182,0.072856,0.00207,1,7
"349",877,"Point",7,"Tinggi",0.648526,0.109043,0.085294,0.06912,0.04474,0.281641,0.120052,0.049987,0.001339,1,7
"350",283,"Point",7,"Tinggi",0.654758,0.114573,0.089868,0.073699,0.043789,0.35078,0.163533,0.066478,0.001892,1,7
"351",797,"Point",7,"Tinggi",0.620438,0.106979,0.081781,0.061886,0.037947,0.243376,0.106188,0.043921,0.001226,1,7
"352",933,"Point",7,"Tinggi",0.698189,0.113543,0.089287,0.071485,0.048452,0.278747,0.115152,0.051709,0.001661,1,7
"353",296,"Point",7,"Tinggi",0.618718,0.116538,0.092208,0.075653,0.047997,0.324691,0.16765,0.072458,0.002385,1,7
"354",419,"Point",7,"Tinggi",0.658223,0.117319,0.092535,0.074905,0.046352,0.36982,0.154834,0.060869,0.002324,1,7
"355",451,"Point",7,"Tinggi",0.675239,0.116069,0.091,0.076008,0.045591,0.384949,0.167383,0.066826,0.001774,1,7
"356",274,"Point",7,"Tinggi",0.617962,0.116966,0.093007,0.079081,0.050175,0.327428,0.15375,0.065592,0.001533,1,7
"357",275,"Point",7,"Tinggi",0.602213,0.115147,0.090645,0.074328,0.046585,0.343991,0.165633,0.067395,0.001943,1,7
"358",798,"Point",7,"Tinggi",0.604971,0.106706,0.081456,0.061385,0.037725,0.237339,0.096485,0.038134,0.001288,1,7
"359",27,"Point",7,"Tinggi",0.693883,0.1144,0.089074,0.071552,0.044347,0.322239,0.127894,0.051452,0.001866,1,7
"360",1032,"Point",7,"Tinggi",0.605147,0.109094,0.085157,0.071333,0.046415,0.319144,0.164476,0.073897,0.001144,1,7
"361",949,"Point",7,"Tinggi",0.625035,0.10772,0.082407,0.064509,0.039272,0.293931,0.111384,0.042485,0.001427,1,7
"362",389,"Point",7,"Tinggi",0.646377,0.114182,0.089684,0.070401,0.044827,0.290836,0.151834,0.064018,0.001545,1,7
"363",967,"Point",7,"Tinggi",0.667297,0.10759,0.083433,0.06563,0.043288,0.251239,0.107649,0.046198,0.001742,1,7
"364",193,"Point",7,"Tinggi",0.686659,0.115236,0.09079,0.079132,0.04758,0.440516,0.183204,0.072852,0.001796,1,7
"365",211,"Point",7,"Tinggi",0.657499,0.111057,0.085778,0.06806,0.039769,0.30399,0.12827,0.050234,0.001639,1,7
"366",417,"Point",7,"Tinggi",0.653033,0.117253,0.092333,0.074486,0.047775,0.365502,0.145566,0.058154,0.002417,1,7
"367",240,"Point",7,"Tinggi",0.697514,0.114235,0.089704,0.076787,0.04831,0.392723,0.1647,0.066104,0.002051,1,7
"368",327,"Point",7,"Tinggi",0.607608,0.117168,0.092586,0.076235,0.047967,0.333135,0.168384,0.071355,0.002454,1,7
"369",988,"Point",7,"Tinggi",0.607767,0.106895,0.082437,0.065779,0.040522,0.280007,0.124782,0.050198,0.001323,1,7
"370",835,"Point",7,"Tinggi",0.622436,0.11247,0.088679,0.074825,0.051348,0.29454,0.146993,0.069766,0.001417,1,7
"371",915,"Point",7,"Tinggi",0.661611,0.107857,0.083973,0.067527,0.043513,0.293241,0.120604,0.049208,0.002014,1,7
"372",952,"Point",7,"Tinggi",0.644992,0.108143,0.083342,0.065288,0.039971,0.310245,0.118561,0.044597,0.001708,1,7
"373",195,"Point",7,"Tinggi",0.632208,0.117444,0.092138,0.077251,0.048355,0.380743,0.167462,0.066751,0.00195,1,7
"374",458,"Point",7,"Tinggi",0.636371,0.11737,0.092474,0.079076,0.055095,0.323352,0.165368,0.075568,0.002058,1,7
"375",670,"Point",7,"Tinggi",0.636677,0.115266,0.090993,0.081828,0.048537,0.367217,0.180909,0.072726,0.001759,1,7
"376",295,"Point",7,"Tinggi",0.664752,0.117637,0.093246,0.076688,0.049888,0.334527,0.171033,0.073786,0.002015,1,7
"377",887,"Point",7,"Tinggi",0.691516,0.109399,0.084717,0.067787,0.043099,0.319839,0.143365,0.059743,0.001397,1,7
"378",786,"Point",7,"Tinggi",0.664727,0.107517,0.083143,0.066796,0.040812,0.316847,0.11755,0.045126,0.001606,1,7
"379",276,"Point",7,"Tinggi",0.656036,0.115864,0.091012,0.074404,0.047271,0.319954,0.158591,0.065944,0.001931,1,7
"380",397,"Point",7,"Tinggi",0.64313,0.119195,0.094897,0.077305,0.052727,0.313665,0.17587,0.08267,0.002019,1,7
"381",167,"Point",7,"Tinggi",0.679526,0.116014,0.090332,0.075029,0.046301,0.3589,0.149993,0.058692,0.001974,1,7
"382",322,"Point",7,"Tinggi",0.686817,0.115511,0.090707,0.070519,0.044743,0.299206,0.130744,0.051503,0.00187,1,7
"383",899,"Point",7,"Tinggi",0.665103,0.109023,0.083843,0.069618,0.041565,0.32522,0.138549,0.054144,0.001918,1,7
"384",392,"Point",7,"Tinggi",0.687472,0.114079,0.089045,0.06962,0.043507,0.303494,0.140366,0.056297,0.001311,1,7
"385",95,"Point",7,"Tinggi",0.662711,0.111669,0.086636,0.069047,0.042165,0.318748,0.135954,0.052973,0.001814,1,7
"386",783,"Point",7,"Tinggi",0.67174,0.114917,0.090518,0.073278,0.051468,0.331217,0.157987,0.073462,0.001958,1,7
"387",963,"Point",7,"Tinggi",0.691542,0.106868,0.082235,0.065687,0.040259,0.272562,0.108147,0.041738,0.001321,1,7
"388",944,"Point",7,"Tinggi",0.655569,0.107342,0.082811,0.066169,0.039954,0.292902,0.128925,0.052025,0.001779,1,7
"389",716,"Point",7,"Tinggi",0.673077,0.112648,0.088083,0.073367,0.044165,0.370794,0.1604,0.063974,0.001707,1,7
"390",43,"Point",7,"Tinggi",0.684143,0.112714,0.087645,0.072131,0.043404,0.337771,0.144014,0.057065,0.001511,1,7
"391",468,"Point",7,"Tinggi",0.697918,0.120287,0.096627,0.081822,0.061401,0.278066,0.14979,0.083115,0.002188,1,7
"392",1014,"Point",7,"Tinggi",0.642468,0.108403,0.084091,0.070365,0.043528,0.334574,0.155311,0.064473,0.001614,1,7
"393",929,"Point",7,"Tinggi",0.649006,0.109131,0.08455,0.065939,0.042383,0.283484,0.119767,0.04844,0.001822,1,7
"394",759,"Point",7,"Tinggi",0.652897,0.112448,0.087951,0.071446,0.045143,0.361269,0.15935,0.067877,0.001809,1,7
"395",1046,"Point",7,"Tinggi",0.697878,0.106756,0.082385,0.065974,0.039678,0.285058,0.132714,0.054798,0.001586,1,7
"396",721,"Point",7,"Tinggi",0.65906,0.114957,0.091557,0.076274,0.052172,0.335107,0.185155,0.084587,0.00174,1,7
"397",707,"Point",7,"Tinggi",0.663909,0.110875,0.085604,0.067651,0.040371,0.325906,0.138572,0.054553,0.001708,1,7
"398",966,"Point",7,"Tinggi",0.660759,0.107294,0.083586,0.068478,0.043855,0.271999,0.107941,0.044153,0.001742,1,7
"399",876,"Point",7,"Tinggi",0.665702,0.108267,0.083916,0.068063,0.041409,0.317992,0.145498,0.059216,0.001216,1,7
"400",156,"Point",8,"Tinggi",0.748811,0.111664,0.086059,0.068655,0.041164,0.317796,0.129362,0.049937,0.001766,1,8
"401",959,"Point",8,"Tinggi",0.764792,0.105925,0.081109,0.063847,0.039209,0.279935,0.111072,0.043628,0.001428,1,8
"402",120,"Point",8,"Tinggi",0.78793,0.113755,0.088415,0.069922,0.041764,0.337826,0.13295,0.051421,0.001729,1,8
"403",181,"Point",8,"Tinggi",0.710215,0.112223,0.086759,0.071219,0.042132,0.328522,0.136778,0.054056,0.001315,1,8
"404",905,"Point",8,"Tinggi",0.74803,0.107808,0.082357,0.062777,0.037979,0.287072,0.105004,0.039642,0.001709,1,8
"405",69,"Point",8,"Tinggi",0.797429,0.108754,0.083385,0.065873,0.038069,0.276908,0.118409,0.046615,0.001741,1,8
"406",352,"Point",8,"Tinggi",0.783776,0.116061,0.090027,0.071301,0.044503,0.3182,0.150553,0.060277,0.002173,1,8
"407",324,"Point",8,"Tinggi",0.706086,0.118723,0.092745,0.07397,0.047363,0.343216,0.149539,0.058526,0.002529,1,8
"408",1030,"Point",8,"Tinggi",0.733604,0.107972,0.084421,0.070123,0.0442,0.298709,0.150104,0.065175,0.00156,1,8
"409",837,"Point",8,"Tinggi",0.744048,0.114629,0.091756,0.076422,0.053596,0.300439,0.152212,0.072445,0.001569,1,8
"410",510,"Point",8,"Tinggi",0.781304,0.116072,0.090632,0.072263,0.045014,0.331704,0.143293,0.057498,0.002304,1,8
"411",117,"Point",8,"Tinggi",0.747541,0.111994,0.086429,0.068939,0.041961,0.32836,0.136021,0.052633,0.001579,1,8
"412",399,"Point",8,"Tinggi",0.726648,0.11724,0.092969,0.072974,0.049134,0.288996,0.155447,0.071103,0.001794,1,8
"413",245,"Point",8,"Tinggi",0.736413,0.118262,0.093483,0.080988,0.050557,0.434822,0.186247,0.074414,0.001891,1,8
"414",184,"Point",8,"Tinggi",0.766713,0.113827,0.089074,0.071663,0.04337,0.344243,0.142678,0.056846,0.001387,1,8
"415",889,"Point",8,"Tinggi",0.70985,0.108023,0.083026,0.065093,0.040581,0.298281,0.120943,0.046236,0.001561,1,8
"416",74,"Point",8,"Tinggi",0.792881,0.111474,0.085816,0.069152,0.041804,0.323648,0.133358,0.051557,0.001448,1,8
"417",20,"Point",8,"Tinggi",0.732634,0.11415,0.089093,0.074356,0.045749,0.375906,0.160398,0.064684,0.001349,1,8
"418",303,"Point",8,"Tinggi",0.703949,0.118121,0.093163,0.075119,0.047255,0.348344,0.146819,0.056776,0.002172,1,8
"419",354,"Point",8,"Tinggi",0.78613,0.115677,0.091006,0.074113,0.045619,0.354993,0.166816,0.068341,0.001988,1,8
"420",1006,"Point",8,"Tinggi",0.794187,0.107224,0.082533,0.066622,0.040029,0.299184,0.122373,0.047926,0.001561,1,8
"421",351,"Point",8,"Tinggi",0.765087,0.116783,0.091902,0.072188,0.045577,0.336558,0.142138,0.054254,0.00226,1,8
"422",209,"Point",8,"Tinggi",0.700848,0.11025,0.084851,0.065636,0.039498,0.297388,0.127196,0.049429,0.001576,1,8
"423",968,"Point",8,"Tinggi",0.705177,0.108445,0.083392,0.065299,0.041865,0.257506,0.116807,0.048963,0.001597,1,8
"424",202,"Point",8,"Tinggi",0.778381,0.113915,0.088727,0.073381,0.043979,0.355278,0.145946,0.057723,0.001287,1,8
"425",714,"Point",8,"Tinggi",0.770935,0.111267,0.086007,0.067296,0.03952,0.342025,0.134333,0.050523,0.001847,1,8
"426",964,"Point",8,"Tinggi",0.729911,0.106294,0.081554,0.064084,0.039408,0.251494,0.101815,0.040439,0.001342,1,8
"427",931,"Point",8,"Tinggi",0.752816,0.110949,0.087048,0.069244,0.047966,0.257482,0.11534,0.0576,0.002031,1,8
"428",166,"Point",8,"Tinggi",0.751304,0.113067,0.087946,0.070736,0.043991,0.340072,0.140998,0.055572,0.001852,1,8
"429",143,"Point",8,"Tinggi",0.79406,0.115998,0.090154,0.074948,0.045262,0.369748,0.150776,0.058562,0.001484,1,8
"430",310,"Point",8,"Tinggi",0.707242,0.116657,0.091101,0.070135,0.045518,0.313012,0.137116,0.055992,0.002095,1,8
"431",788,"Point",8,"Tinggi",0.770558,0.109535,0.085076,0.071034,0.043513,0.333382,0.142448,0.057604,0.00189,1,8
"432",279,"Point",8,"Tinggi",0.767544,0.115405,0.09048,0.073775,0.046619,0.311309,0.158432,0.067476,0.001738,1,8
"433",79,"Point",8,"Tinggi",0.701277,0.113899,0.08886,0.073205,0.0461,0.342041,0.147076,0.060409,0.001651,1,8
"434",378,"Point",8,"Tinggi",0.737209,0.117891,0.092606,0.072671,0.046692,0.333373,0.140947,0.056101,0.001961,1,8
"435",157,"Point",8,"Tinggi",0.77362,0.112512,0.087102,0.069704,0.042195,0.3218,0.133434,0.052159,0.001219,1,8
"436",1022,"Point",8,"Tinggi",0.766943,0.107488,0.08308,0.067875,0.03932,0.333542,0.137029,0.052898,0.001712,1,8
"437",1,"Point",8,"Tinggi",0.782042,0.114525,0.089685,0.071844,0.044159,0.322764,0.133444,0.052634,0.001853,1,8
"438",488,"Point",8,"Tinggi",0.773066,0.115644,0.090973,0.07488,0.045269,0.382736,0.173194,0.068694,0.001811,1,8
"439",269,"Point",8,"Tinggi",0.785888,0.117521,0.093132,0.078175,0.050233,0.307779,0.155326,0.066567,0.002154,1,8
"440",980,"Point",8,"Tinggi",0.742393,0.107041,0.082819,0.066279,0.040835,0.262779,0.112432,0.045253,0.001816,1,8
"441",462,"Point",8,"Tinggi",0.798591,0.115768,0.090218,0.070291,0.043719,0.319722,0.128549,0.048834,0.002028,1,8
"442",360,"Point",8,"Tinggi",0.758928,0.116848,0.091493,0.073553,0.047996,0.340927,0.149837,0.062636,0.002286,1,8
"443",64,"Point",8,"Tinggi",0.716881,0.112021,0.086285,0.067302,0.040217,0.31395,0.13185,0.052089,0.001718,1,8
"444",50,"Point",8,"Tinggi",0.7538,0.113266,0.08765,0.072212,0.042563,0.320419,0.135907,0.052975,0.00154,1,8
"445",388,"Point",8,"Tinggi",0.761467,0.117467,0.092438,0.074611,0.051063,0.286627,0.153092,0.071649,0.001759,1,8
"446",92,"Point",8,"Tinggi",0.747826,0.111268,0.086458,0.068809,0.041187,0.304302,0.131942,0.051979,0.001506,1,8
"447",5,"Point",8,"Tinggi",0.703369,0.112892,0.088285,0.074154,0.0454,0.36766,0.176372,0.071232,0.001709,1,8
"448",54,"Point",8,"Tinggi",0.737521,0.1093,0.084511,0.065517,0.038674,0.304268,0.126504,0.050066,0.001456,1,8
"449",318,"Point",8,"Tinggi",0.742041,0.116233,0.091539,0.071512,0.045579,0.349614,0.151121,0.060944,0.002326,1,8
"450",29,"Point",8,"Tinggi",0.788642,0.112826,0.089106,0.073115,0.045265,0.323413,0.141814,0.057836,0.001712,1,8
"451",213,"Point",8,"Tinggi",0.779342,0.112518,0.087486,0.072331,0.043473,0.33721,0.141769,0.054865,0.001815,1,8
"452",904,"Point",8,"Tinggi",0.771059,0.108719,0.083915,0.066256,0.040146,0.306908,0.115931,0.043733,0.002277,1,8
"453",934,"Point",8,"Tinggi",0.704678,0.110339,0.086145,0.068139,0.043286,0.31613,0.120019,0.046594,0.001368,1,8
"454",481,"Point",8,"Tinggi",0.723722,0.114604,0.090043,0.073987,0.044463,0.381736,0.182563,0.072391,0.002105,1,8
"455",144,"Point",8,"Tinggi",0.716562,0.11665,0.091819,0.077997,0.047577,0.385439,0.169407,0.067696,0.001719,1,8
"456",257,"Point",8,"Tinggi",0.700677,0.117194,0.091412,0.070906,0.044185,0.340411,0.138081,0.052533,0.002869,1,8
"457",155,"Point",9,"Sangat Tinggi",0.82045,0.111448,0.086039,0.06728,0.040924,0.307562,0.13553,0.0531,0.00123,1,9
"458",469,"Point",9,"Sangat Tinggi",0.820885,0.120138,0.094967,0.076954,0.055073,0.303992,0.155883,0.075237,0.002535,1,9
"459",410,"Point",9,"Sangat Tinggi",0.807902,0.114544,0.08905,0.069578,0.042692,0.337749,0.134735,0.050522,0.002539,1,9
"460",212,"Point",9,"Sangat Tinggi",0.821957,0.112072,0.086702,0.070821,0.042696,0.335941,0.145264,0.057428,0.001511,1,9
"461",140,"Point",9,"Sangat Tinggi",0.860591,0.113683,0.089497,0.075627,0.045594,0.396478,0.174644,0.069191,0.001598,1,9
"462",208,"Point",9,"Sangat Tinggi",0.869329,0.111041,0.085421,0.06638,0.039613,0.295809,0.129122,0.049437,0.001775,1,9
"463",900,"Point",9,"Sangat Tinggi",0.850281,0.107645,0.083162,0.064048,0.039965,0.265806,0.089479,0.031794,0.001488,1,9
"464",312,"Point",9,"Sangat Tinggi",0.889815,0.11618,0.090751,0.071091,0.044475,0.338321,0.138058,0.052891,0.002086,1,9
"465",376,"Point",9,"Sangat Tinggi",0.877237,0.116621,0.091363,0.072901,0.045324,0.338708,0.133397,0.050182,0.002218,1,9
"466",425,"Point",9,"Sangat Tinggi",0.862574,0.114085,0.088994,0.069564,0.044753,0.300635,0.13005,0.05198,0.001956,1,9
"467",444,"Point",9,"Sangat Tinggi",0.878071,0.11685,0.092213,0.076093,0.049194,0.372213,0.168063,0.066869,0.002357,1,9
"468",37,"Point",9,"Sangat Tinggi",0.859039,0.115346,0.090157,0.074258,0.046335,0.365427,0.1591,0.06495,0.001275,1,9
"469",18,"Point",9,"Sangat Tinggi",0.880015,0.112463,0.087044,0.070296,0.043338,0.345272,0.155776,0.062964,0.001474,1,9
"470",309,"Point",9,"Sangat Tinggi",0.817931,0.117222,0.091016,0.070222,0.043095,0.328199,0.136813,0.052852,0.002398,1,9
"471",365,"Point",9,"Sangat Tinggi",0.869501,0.114709,0.089758,0.071152,0.044601,0.316314,0.120754,0.044881,0.002104,1,9
"472",52,"Point",9,"Sangat Tinggi",0.869164,0.110306,0.084901,0.067031,0.039176,0.282887,0.117928,0.046032,0.001809,1,9
"473",841,"Point",9,"Sangat Tinggi",0.826568,0.111795,0.087433,0.072214,0.050233,0.25909,0.129425,0.060863,0.001587,1,9
"474",28,"Point",9,"Sangat Tinggi",0.881775,0.116072,0.091451,0.074037,0.047234,0.314075,0.140959,0.058373,0.001545,1,9
"475",205,"Point",9,"Sangat Tinggi",0.810619,0.112359,0.086969,0.069584,0.042295,0.337154,0.130472,0.049885,0.001454,1,9
"476",253,"Point",9,"Sangat Tinggi",0.880838,0.11641,0.091263,0.071122,0.04392,0.350959,0.140335,0.052842,0.002014,1,9
"477",409,"Point",9,"Sangat Tinggi",0.87371,0.114607,0.088619,0.067988,0.042007,0.318267,0.131949,0.049776,0.002025,1,9
"478",860,"Point",9,"Sangat Tinggi",0.888988,0.110755,0.08659,0.069455,0.045483,0.310363,0.121778,0.051369,0.001422,1,9
"479",482,"Point",9,"Sangat Tinggi",0.802867,0.114934,0.090538,0.074451,0.045445,0.373307,0.158988,0.062985,0.001999,1,9
"480",459,"Point",9,"Sangat Tinggi",0.834108,0.114979,0.090017,0.06877,0.045912,0.298505,0.138974,0.05616,0.002171,1,9
"481",9,"Point",9,"Sangat Tinggi",0.856495,0.111052,0.086308,0.071397,0.041551,0.306154,0.126935,0.050106,0.001478,1,9
"482",91,"Point",9,"Sangat Tinggi",0.879287,0.112816,0.087866,0.07318,0.043795,0.338035,0.142516,0.055876,0.00204,1,9
"483",910,"Point",9,"Sangat Tinggi",0.860019,0.107483,0.082141,0.063182,0.038118,0.29224,0.106716,0.039877,0.001462,1,9
"484",350,"Point",9,"Sangat Tinggi",0.876678,0.118252,0.092219,0.073458,0.046238,0.356563,0.156648,0.060804,0.002041,1,9
"485",466,"Point",9,"Sangat Tinggi",0.830055,0.116206,0.090649,0.069589,0.045175,0.318509,0.113633,0.041717,0.002515,1,9
"486",233,"Point",9,"Sangat Tinggi",0.818836,0.1115,0.086185,0.068095,0.040123,0.323945,0.130334,0.04944,0.001724,1,9
"487",1007,"Point",9,"Sangat Tinggi",0.895238,0.107859,0.082963,0.064865,0.040514,0.288709,0.115111,0.04552,0.001687,1,9
"488",11,"Point",9,"Sangat Tinggi",0.856331,0.113552,0.088317,0.07245,0.042986,0.340588,0.140067,0.054191,0.00152,1,9
"489",15,"Point",9,"Sangat Tinggi",0.876038,0.111883,0.086443,0.067711,0.040897,0.312349,0.141231,0.054844,0.001843,1,9
"490",124,"Point",9,"Sangat Tinggi",0.855385,0.112732,0.087475,0.071941,0.044342,0.343467,0.159793,0.064791,0.001217,1,9
"491",98,"Point",9,"Sangat Tinggi",0.802246,0.115662,0.090915,0.074462,0.0476,0.365369,0.163819,0.065798,0.001308,1,9
"492",317,"Point",9,"Sangat Tinggi",0.874304,0.115487,0.089806,0.071039,0.04379,0.356168,0.135741,0.051738,0.002586,1,9
"493",836,"Point",9,"Sangat Tinggi",0.874893,0.113403,0.089463,0.075698,0.05401,0.276345,0.13133,0.062376,0.001549,1,9
"494",948,"Point",9,"Sangat Tinggi",0.830513,0.107195,0.083048,0.063974,0.04036,0.27734,0.11216,0.04492,0.001659,1,9
"495",119,"Point",9,"Sangat Tinggi",0.831195,0.111219,0.086056,0.070195,0.041222,0.31574,0.126335,0.048805,0.00178,1,9
"496",446,"Point",9,"Sangat Tinggi",0.849721,0.117832,0.092669,0.075252,0.04844,0.342402,0.163745,0.067312,0.001789,1,9
"497",70,"Point",9,"Sangat Tinggi",0.890415,0.112293,0.087002,0.071595,0.043662,0.323053,0.142195,0.057498,0.001677,1,9
"498",315,"Point",9,"Sangat Tinggi",0.894133,0.116123,0.090634,0.071019,0.044087,0.331355,0.138893,0.054164,0.002946,1,9
"499",328,"Point",9,"Sangat Tinggi",0.800278,0.116515,0.092305,0.077228,0.047562,0.360016,0.181881,0.07561,0.001662,1,9
"500",255,"Point",9,"Sangat Tinggi",0.867839,0.116564,0.090968,0.070178,0.044336,0.338424,0.131078,0.049867,0.002491,1,9
"501",965,"Point",9,"Sangat Tinggi",0.865003,0.10625,0.081551,0.066218,0.040021,0.269076,0.105717,0.041276,0.001468,1,9
"502",452,"Point",9,"Sangat Tinggi",0.893661,0.114793,0.090099,0.074484,0.044329,0.386279,0.166657,0.0628,0.001748,1,9
"503",14,"Point",9,"Sangat Tinggi",0.818757,0.109776,0.084556,0.066654,0.039327,0.301468,0.126174,0.049594,0.001532,1,9
"504",427,"Point",9,"Sangat Tinggi",0.863205,0.114198,0.088458,0.068617,0.042107,0.318831,0.132592,0.050713,0.002007,1,9
"505",105,"Point",9,"Sangat Tinggi",0.895323,0.112908,0.088305,0.070886,0.042753,0.338345,0.141738,0.054964,0.001627,1,9
"506",10,"Point",9,"Sangat Tinggi",0.840147,0.112637,0.08735,0.071421,0.042272,0.331827,0.134808,0.051467,0.00147,1,9
"507",7,"Point",9,"Sangat Tinggi",0.825375,0.110221,0.085444,0.068185,0.040263,0.32529,0.138435,0.055862,0.001703,1,9
"508",348,"Point",9,"Sangat Tinggi",0.81384,0.117886,0.092224,0.072747,0.045494,0.346725,0.145336,0.056524,0.002306,1,9
"509",21,"Point",9,"Sangat Tinggi",0.834395,0.114357,0.089588,0.072629,0.045152,0.354418,0.141523,0.056733,0.001507,1,9
"510",429,"Point",9,"Sangat Tinggi",0.860607,0.115458,0.089967,0.070739,0.044233,0.351012,0.155458,0.061849,0.001765,1,9
"511",447,"Point",9,"Sangat Tinggi",0.828019,0.116672,0.09133,0.074716,0.047596,0.354046,0.159668,0.064075,0.001685,1,9
"512",142,"Point",9,"Sangat Tinggi",0.896959,0.114955,0.089693,0.074947,0.045288,0.364103,0.166748,0.066076,0.001681,1,9
"513",226,"Point",9,"Sangat Tinggi",0.830537,0.112237,0.087318,0.072788,0.044363,0.356532,0.164681,0.065542,0.001253,1,9
"514",192,"Point",10,"Sangat Tinggi",0.959071,0.11376,0.089535,0.076976,0.045701,0.428825,0.170229,0.066152,0.001648,1,10
"515",373,"Point",10,"Sangat Tinggi",0.918264,0.114949,0.089506,0.068388,0.041821,0.310457,0.122019,0.045736,0.001932,1,10
"516",411,"Point",10,"Sangat Tinggi",0.910201,0.114803,0.089218,0.070782,0.044281,0.33857,0.12394,0.046486,0.001857,1,10
"517",19,"Point",10,"Sangat Tinggi",0.954429,0.11378,0.089171,0.073685,0.046163,0.366368,0.182814,0.073757,0.001274,1,10
"518",227,"Point",10,"Sangat Tinggi",0.986854,0.112262,0.087542,0.072466,0.044501,0.350945,0.165254,0.066808,0.001681,1,10
"519",200,"Point",10,"Sangat Tinggi",0.900274,0.114296,0.089567,0.075038,0.045474,0.375883,0.157298,0.062238,0.001531,1,10
"520",422,"Point",10,"Sangat Tinggi",0.939971,0.115228,0.089439,0.069412,0.043456,0.321356,0.119868,0.044375,0.002305,1,10
"521",104,"Point",10,"Sangat Tinggi",0.91784,0.113351,0.088459,0.071802,0.043867,0.348937,0.149243,0.059171,0.001506,1,10
"522",406,"Point",10,"Sangat Tinggi",0.929744,0.115024,0.089176,0.067991,0.042614,0.310073,0.118487,0.044006,0.002109,1,10
"523",223,"Point",10,"Sangat Tinggi",0.962595,0.115305,0.089742,0.072748,0.044693,0.338298,0.13765,0.052608,0.002211,1,10
"524",189,"Point",10,"Sangat Tinggi",0.930646,0.116777,0.092172,0.079556,0.048366,0.427263,0.17961,0.071247,0.001849,1,10
"525",260,"Point",10,"Sangat Tinggi",0.963849,0.117868,0.092177,0.072807,0.044677,0.360722,0.155635,0.060415,0.002389,1,10
"526",128,"Point",10,"Sangat Tinggi",0.978786,0.112204,0.087682,0.073125,0.043337,0.37327,0.167157,0.066836,0.001739,1,10
"527",197,"Point",10,"Sangat Tinggi",0.977996,0.117377,0.09252,0.078458,0.048893,0.39915,0.185177,0.07404,0.001858,1,10
"528",228,"Point",10,"Sangat Tinggi",0.974656,0.112087,0.086453,0.070543,0.043119,0.343796,0.162645,0.065739,0.001751,1,10
"529",81,"Point",10,"Sangat Tinggi",0.956839,0.115512,0.090195,0.073334,0.046062,0.355399,0.136785,0.052678,0.002104,1,10
"530",371,"Point",10,"Sangat Tinggi",0.948209,0.115427,0.089499,0.070636,0.042416,0.364488,0.155212,0.060836,0.002111,1,10
"531",17,"Point",10,"Sangat Tinggi",0.925993,0.112537,0.087222,0.070242,0.042713,0.344729,0.154777,0.060932,0.001592,1,10
"532",68,"Point",10,"Sangat Tinggi",0.901059,0.108773,0.083579,0.065973,0.038796,0.284149,0.115382,0.044696,0.001636,1,10
"533",22,"Point",10,"Sangat Tinggi",0.948132,0.116329,0.091581,0.075613,0.047934,0.371249,0.157732,0.06376,0.001961,1,10
"534",445,"Point",10,"Sangat Tinggi",0.962619,0.11624,0.0915,0.073602,0.045468,0.356988,0.154662,0.060371,0.001762,1,10
"535",170,"Point",10,"Sangat Tinggi",0.933549,0.114795,0.089399,0.070742,0.044466,0.312425,0.129426,0.050715,0.001468,1,10
"536",224,"Point",10,"Sangat Tinggi",0.921348,0.113075,0.087981,0.070067,0.04206,0.312786,0.12807,0.048566,0.001754,1,10
"537",256,"Point",10,"Sangat Tinggi",0.948781,0.117505,0.091564,0.07157,0.04416,0.349189,0.156495,0.060475,0.002795,1,10
"538",473,"Point",10,"Sangat Tinggi",0.940245,0.115506,0.090231,0.069692,0.04367,0.298382,0.110797,0.042128,0.002619,1,10
"539",314,"Point",10,"Sangat Tinggi",0.932802,0.115961,0.09058,0.070512,0.044743,0.3304,0.12952,0.048532,0.002738,1,10
"540",523,"Point",10,"Sangat Tinggi",0.94331,0.117882,0.093686,0.075992,0.053993,0.30126,0.14534,0.068724,0.001972,1,10
"541",423,"Point",10,"Sangat Tinggi",0.944089,0.115105,0.089427,0.06904,0.043658,0.314018,0.125976,0.047857,0.002127,1,10
"542",206,"Point",10,"Sangat Tinggi",0.925889,0.111755,0.085887,0.066664,0.040439,0.314992,0.125192,0.047217,0.001856,1,10
"543",204,"Point",10,"Sangat Tinggi",0.944655,0.114126,0.089636,0.072396,0.044788,0.328466,0.139101,0.055089,0.001189,1,10
"544",127,"Point",10,"Sangat Tinggi",0.99964,0.113664,0.088388,0.075299,0.044054,0.384147,0.183674,0.073137,0.001767,1,10
"545",407,"Point",10,"Sangat Tinggi",0.945706,0.114073,0.088457,0.067607,0.040872,0.320006,0.132482,0.050122,0.001824,1,10
"546",519,"Point",10,"Sangat Tinggi",0.978836,0.116353,0.091172,0.072364,0.04606,0.337542,0.132948,0.0523,0.001931,1,10
"547",125,"Point",10,"Sangat Tinggi",0.936691,0.114197,0.089,0.075014,0.045434,0.364816,0.165397,0.067041,0.001791,1,10
"548",220,"Point",10,"Sangat Tinggi",0.989793,0.115004,0.089753,0.071694,0.044535,0.329233,0.131256,0.049407,0.001946,1,10
"549",186,"Point",10,"Sangat Tinggi",0.987815,0.117382,0.091779,0.078301,0.048359,0.392113,0.182923,0.073169,0.001847,1,10
"550",243,"Point",10,"Sangat Tinggi",0.907061,0.117613,0.092611,0.079038,0.050249,0.398246,0.165462,0.064224,0.002015,1,10
"551",25,"Point",10,"Sangat Tinggi",0.967719,0.115343,0.090331,0.072354,0.043919,0.324398,0.141086,0.056227,0.001914,1,10
"552",259,"Point",10,"Sangat Tinggi",0.964964,0.117876,0.091862,0.072017,0.044507,0.346234,0.146904,0.056792,0.002699,1,10
"553",521,"Point",10,"Sangat Tinggi",0.953274,0.114389,0.089608,0.069475,0.044633,0.313167,0.110765,0.042241,0.002255,1,10
"554",486,"Point",10,"Sangat Tinggi",0.953162,0.114944,0.090569,0.072089,0.043626,0.363012,0.16036,0.061055,0.001759,1,10
"555",522,"Point",10,"Sangat Tinggi",0.986357,0.116046,0.09101,0.071991,0.047884,0.299614,0.134898,0.057984,0.001878,1,10
"556",313,"Point",10,"Sangat Tinggi",0.966496,0.116504,0.090729,0.071199,0.044004,0.346629,0.140922,0.054562,0.002304,1,10
"557",258,"Point",10,"Sangat Tinggi",0.943768,0.117739,0.091629,0.071656,0.0436,0.350596,0.150812,0.057674,0.002891,1,10
"558",428,"Point",10,"Sangat Tinggi",0.904726,0.114221,0.089056,0.06879,0.042666,0.323337,0.139678,0.054563,0.002312,1,10
"559",391,"Point",10,"Sangat Tinggi",0.946319,0.115103,0.090111,0.071611,0.045714,0.304992,0.145912,0.061973,0.002198,1,10
"560",1045,"Point",10,"Sangat Tinggi",0.935423,0.105894,0.081543,0.06473,0.038885,0.304553,0.124223,0.048993,0.001376,1,10
"561",460,"Point",10,"Sangat Tinggi",0.933555,0.115339,0.089882,0.07029,0.043583,0.310076,0.122141,0.046395,0.002332,1,10
"562",413,"Point",10,"Sangat Tinggi",0.983529,0.115026,0.089904,0.071153,0.044345,0.316852,0.112538,0.042478,0.002016,1,10
"563",520,"Point",10,"Sangat Tinggi",0.948936,0.115875,0.091098,0.072177,0.046105,0.339056,0.118802,0.043298,0.002013,1,10
"564",369,"Point",10,"Sangat Tinggi",0.953848,0.114982,0.089689,0.0697,0.044027,0.324543,0.135535,0.053464,0.002091,1,10
"565",39,"Point",10,"Sangat Tinggi",0.995768,0.113252,0.088235,0.072307,0.044827,0.359383,0.170826,0.069689,0.001351,1,10
"566",207,"Point",10,"Sangat Tinggi",0.917226,0.110311,0.084591,0.064893,0.038814,0.29233,0.121948,0.046105,0.001789,1,10
"567",190,"Point",10,"Sangat Tinggi",0.980634,0.114794,0.090758,0.07883,0.0481,0.435131,0.178273,0.069802,0.001675,1,10
"568",126,"Point",10,"Sangat Tinggi",0.909071,0.112952,0.087973,0.072502,0.042497,0.356521,0.171018,0.067658,0.001426,1,10
"569",374,"Point",10,"Sangat Tinggi",0.961786,0.115048,0.089782,0.070417,0.043366,0.334981,0.131322,0.050199,0.00222,1,10
"570",454,"Point",10,"Sangat Tinggi",0.926446,0.115522,0.090256,0.072222,0.044563,0.361864,0.155258,0.061723,0.001932,1,10
